path,tipo,cluster,status_original,palavras,links_internos,imagens,title,h1
/,home,institucional,200,268,239,7,"Segurança do trabalho e automação industrial - Previsio Engenharia","Previsio Engenharia Segurança do trabalho e automação industrial"
/adequacao-comandos-eletricos-extrabaixa-tensao,servico,nr-10,200,347,238,3,"Adequação de comandos elétricos extrabaixa tensão - Previsio Engenharia","Adequação de comandos elétricos extrabaixa tensão"
/adequacao-elevadores,servico,nr-11,200,359,238,3,"Adequação elevadores - Previsio Engenharia","Adequação elevadores"
/adequacao-maquinas-nr12,servico,nr-12,200,374,238,3,"Adequação de máquinas nr12 - Previsio Engenharia","Adequação de máquinas nr12"
/adequacao-nr12,servico,nr-12,200,331,238,3,"Adequação nr12 - Previsio Engenharia","Adequação nr12"
/adequacao-pontes-rolantes,servico,nr-11,200,343,238,3,"Adequação pontes rolantes - Previsio Engenharia","Adequação pontes rolantes"
/analise-conformidade-nr10,servico,nr-10,200,433,238,3,"Análise de conformidade com nr10 - Previsio Engenharia","Análise de conformidade com nr10"
/analise-ergonomica-do-trabalho-aet,servico,ergonomia,200,362,238,3,"Análise ergonômica do trabalho aet - Previsio Engenharia","Análise ergonômica do trabalho aet"
/analise-ergonomica-preliminar-aep,servico,ergonomia,200,332,238,3,"Análise ergonômica preliminar aep - Previsio Engenharia","Análise ergonômica preliminar aep"
/analise-preliminar-riscos-apr,servico,pgr,200,393,238,3,"Análise preliminar de riscos apr - Previsio Engenharia","Análise preliminar de riscos apr"
/analise-risco-nr-12,servico,nr-12,200,403,238,3,"Análise de risco nr 12 - Previsio Engenharia","Análise de risco nr 12"
/analise-risco-trabalho-altura,servico,nr-35,200,330,238,3,"Análise de risco trabalho em altura - Previsio Engenharia","Análise de risco trabalho em altura"
/analise-risco-trabalho-telhado,servico,nr-35,200,387,238,3,"Análise de risco trabalho em telhado - Previsio Engenharia","Análise de risco trabalho em telhado"
/analise-riscos,servico,pgr,200,416,238,3,"Análise de riscos - Previsio Engenharia","Análise de riscos"
/analise-riscos-seguranca-do-trabalho,servico,pgr,200,458,238,3,"Análise de riscos segurança do trabalho - Previsio Engenharia","Análise de riscos segurança do trabalho"
/apreciacao-riscos-apr,servico,nr-12,200,364,238,3,"Apreciação de riscos apr - Previsio Engenharia","Apreciação de riscos apr"
/apreciacao-riscos-maquinas,servico,nr-12,200,394,238,3,"Apreciação de riscos em máquinas - Previsio Engenharia","Apreciação de riscos em máquinas"
/apreciacao-riscos-nr12,servico,nr-12,200,371,238,3,"Apreciação de riscos nr12 - Previsio Engenharia","Apreciação de riscos nr12"
/artigos,indice-artigos,artigos,200,495,236,12,"Artigos - Previsio Engenharia","Artigos"
/artigos/adequacao-de-maquinas-conforme-a-nr-12,artigo,artigos,200,891,236,7,"Adequação de máquinas conforme a NR-12 - Previsio Engenharia","Adequação de máquinas conforme a NR-12"
/artigos/analise-de-risco-segundo-a-nr-12,artigo,artigos,200,461,236,1,"Análise de Risco segundo a NR-12 - Previsio Engenharia","Análise de Risco segundo a NR-12"
/artigos/controle-do-consumo-de-agua,artigo,artigos,200,1120,236,1,"Controle do Consumo de Água - Previsio Engenharia","Controle do Consumo de Água"
/artigos/eficiencia-energetica,artigo,artigos,200,725,236,1,"Eficiência Energética - Previsio Engenharia","Eficiência Energética"
/artigos/esocial-e-a-engenharia-de-seguranca-do-trabalho,artigo,artigos,200,1049,236,1,"eSocial e a Engenharia de Segurança do Trabalho - Previsio Engenharia","eSocial e a Engenharia de Segurança do Trabalho"
/artigos/laudos-de-periculosidade-e-insalubridade,artigo,artigos,200,586,236,1,"Laudos de Periculosidade e Insalubridade - Previsio Engenharia","Laudos de Periculosidade e Insalubridade"
/artigos/nr-12-a-importancia-da-adequacao,artigo,artigos,200,414,236,1,"NR 12: A IMPORTÂNCIA DA ADEQUAÇÃO! - Previsio Engenharia","NR 12: A IMPORTÂNCIA DA ADEQUAÇÃO!"
/artigos/o-abril-verde-e-o-mes-da-seguranca-do-trabalho,artigo,artigos,200,1289,236,1,"O Abril Verde é o mês da Segurança do Trabalho - Previsio Engenharia","O Abril Verde é o mês da Segurança do Trabalho"
/artigos/o-impacto-do-ruido-no-ambiente-de-trabalho-danos-a,artigo,artigos,200,842,236,1,"O Impacto do Ruído no Ambiente de Trabalho: Danos à - Previsio Engenharia","O Impacto do Ruído no Ambiente de Trabalho: Danos à"
/artigos/oleo-mineral-ou-sintetico-entenda-as-diferencas,artigo,artigos,200,1660,236,1,"Óleo Mineral ou Sintético. Entenda as Diferenças. - Previsio Engenharia","Óleo Mineral ou Sintético. Entenda as Diferenças."
/artigos/plano-de-acao-de-emergencia-pae,artigo,artigos,200,899,236,1,"PLANO DE AÇÃO DE EMERGÊNCIA (PAE) - Previsio Engenharia","PLANO DE AÇÃO DE EMERGÊNCIA (PAE)"
/artigos/plano-de-protecao-respiratoria-ppr,artigo,artigos,200,482,237,2,"Plano de Proteção Respiratória (PPR) - Previsio Engenharia","Plano de Proteção Respiratória (PPR)"
/artigos/prevencao-ao-burnout-por-que-sua-empresa-deve-agir-agora,artigo,artigos,200,1160,236,1,"Prevenção ao Burnout: Por que sua empresa deve agir agora? - Previsio Engenharia","Prevenção ao Burnout: Por que sua empresa deve agir agora?"
/artigos/projeto-executivo-de-nr-12,artigo,artigos,200,915,236,1,"Projeto Executivo de NR-12 - Previsio Engenharia","Projeto Executivo de NR-12"
/artigos/sistema-de-controle-meio-ambiente-e-sustentabilidade,artigo,artigos,200,800,236,1,"Sistema de Controle: Meio Ambiente e Sustentabilidade - Previsio Engenharia","Sistema de Controle: Meio Ambiente e Sustentabilidade"
/assessoria-nr12,servico,nr-12,200,369,238,3,"Assessoria nr12 - Previsio Engenharia","Assessoria nr12"
/assessoria-seguranca-do-trabalho,servico,cipa-sesmt,200,296,238,3,"Assessoria segurança do trabalho - Previsio Engenharia","Assessoria segurança do trabalho"
/aterramento-eletrico,servico,spda,200,303,238,3,"Aterramento elétrico - Previsio Engenharia","Aterramento elétrico"
/auditoria-seguranca-produtos-quimicos,servico,quimicos,200,396,238,3,"Auditoria de segurança em produtos químicos - Previsio Engenharia","Auditoria de segurança em produtos químicos"
/avaliacao-exposicao-agentes-quimicos,servico,quimicos,200,485,238,3,"Avaliação de exposição a agentes químicos - Previsio Engenharia","Avaliação de exposição a agentes químicos"
/consultoria-certificacao-iso-45001,servico,cipa-sesmt,200,314,238,3,"Consultoria certificação iso 45001 - Previsio Engenharia","Consultoria certificação iso 45001"
/consultoria-iso-45001,servico,cipa-sesmt,200,295,238,3,"Consultoria ISO 45001 - Previsio Engenharia","Consultoria ISO 45001"
/consultoria-nr-12,servico,nr-12,200,307,238,3,"Consultoria nr 12 - Previsio Engenharia","Consultoria nr 12"
/consultoria-nr12,servico,nr-12,200,293,238,3,"Consultoria nr12 - Previsio Engenharia","Consultoria nr12"
/consultoria-seguranca-do-trabalho,servico,cipa-sesmt,200,366,238,3,"Consultoria em segurança do trabalho - Previsio Engenharia","Consultoria em segurança do trabalho"
/contato,institucional,institucional,200,38,235,0,"Contato - Previsio Engenharia","Contato"
/contrato-manutencao-preventiva,servico,manutencao,200,285,238,3,"Contrato manutenção preventiva - Previsio Engenharia","Contrato manutenção preventiva"
/desenvolvimento-procedimentos-seguranca,servico,cipa-sesmt,200,391,238,3,"Desenvolvimento de procedimentos de segurança - Previsio Engenharia","Desenvolvimento de procedimentos de segurança"
/dimensionamento-cipa,servico,cipa-sesmt,200,315,238,3,"Dimensionamento CIPA - Previsio Engenharia","Dimensionamento CIPA"
/dimensionamento-equipes-sesmt,servico,cipa-sesmt,200,425,238,3,"Dimensionamento de equipes sesmt - Previsio Engenharia","Dimensionamento de equipes sesmt"
/dimensionamento-sesmt,servico,cipa-sesmt,200,437,238,3,"Dimensionamento SESMT - Previsio Engenharia","Dimensionamento SESMT"
/documentacao-nr12,servico,nr-12,200,340,238,3,"Documentação nr12 - Previsio Engenharia","Documentação nr12"
/documentos-nr12,servico,nr-12,200,347,238,3,"Documentos nr12 - Previsio Engenharia","Documentos nr12"
/download,institucional,institucional,200,34,238,1,"Downloads - Previsio Engenharia","Downloads"
/e-social-sst,servico,esocial,200,372,238,3,"E-social sst - Previsio Engenharia","E-social sst"
/empresa-adequacao-nr,servico,cipa-sesmt,200,329,238,3,"Empresa de adequação nr - Previsio Engenharia","Empresa de adequação nr"
/empresa-consultoria-sst,servico,cipa-sesmt,200,487,238,3,"Empresa de consultoria de sst - Previsio Engenharia","Empresa de consultoria de sst"
/empresa-seguranca-do-trabalho,servico,cipa-sesmt,200,353,238,3,"Empresa segurança do trabalho - Previsio Engenharia","Empresa segurança do trabalho"
/escadas-plataformas-nr35-nr12,servico,nr-35,200,443,238,3,"Escadas e plataformas nr35 nr12 - Previsio Engenharia","Escadas e plataformas nr35 nr12"
/estanqueidade-mascaras-respiradores,servico,respiratoria,200,374,238,3,"Estanqueidade em máscaras e respiradores - Previsio Engenharia","Estanqueidade em máscaras e respiradores"
/estudos-viabilidade-spda,servico,spda,200,357,238,3,"Estudos de viabilidade para spda - Previsio Engenharia","Estudos de viabilidade para spda"
/fit-test,servico,respiratoria,200,301,238,3,"Fit test - Previsio Engenharia","Fit test"
/gerenciamento-riscos-ocupacionais-gro,servico,pgr,200,417,238,3,"Gerenciamento de riscos ocupacionais gro - Previsio Engenharia","Gerenciamento de riscos ocupacionais gro"
/gestao-documentacao-seguranca,servico,esocial,200,376,238,3,"Gestão de documentação de segurança - Previsio Engenharia","Gestão de documentação de segurança"
/gestao-nr12,servico,nr-12,200,423,238,3,"Gestão nr12 - Previsio Engenharia","Gestão nr12"
/gestao-seguranca-no-trabalho,servico,cipa-sesmt,200,372,238,3,"Gestão de segurança no trabalho - Previsio Engenharia","Gestão de segurança no trabalho"
/informacoes,institucional,institucional,200,680,405,170,"Informações - Previsio Engenharia","Informações"
/inspecao-estruturas-movimentacao-cargas,servico,nr-11,200,353,238,3,"Inspeção de estruturas de movimentação de cargas - Previsio Engenharia","Inspeção de estruturas de movimentação de cargas"
/inspecao-talhas-pontes-rolantes,servico,nr-11,200,367,238,3,"Inspeção em talhas e pontes rolantes - Previsio Engenharia","Inspeção em talhas e pontes rolantes"
/instalacao-aterramento,servico,spda,200,424,238,3,"Instalação aterramento - Previsio Engenharia","Instalação aterramento"
/instalacao-linha-vida,servico,nr-35,200,318,238,3,"Instalação linha de vida - Previsio Engenharia","Instalação linha de vida"
/instalacao-spda,servico,spda,200,430,238,3,"Instalação spda - Previsio Engenharia","Instalação spda"
/inventario-maquinas-equipamentos-nr-12,servico,nr-12,200,451,237,3,"Inventário de máquinas e equipamentos nr 12 - Previsio Engenharia","Inventário de máquinas e equipamentos nr 12"
/inventario-maquinas-nr-12,servico,nr-12,200,338,238,3,"Inventário de máquinas nr 12 - Previsio Engenharia","Inventário de máquinas nr 12"
/inventario-nr-12,servico,nr-12,200,290,238,3,"Inventário nr 12 - Previsio Engenharia","Inventário nr 12"
/inventario-produtos-quimicos-perigosos,servico,quimicos,200,389,238,3,"Inventário de produtos químicos perigosos - Previsio Engenharia","Inventário de produtos químicos perigosos"
/inventario-riscos,servico,pgr,200,431,238,3,"Inventário de riscos - Previsio Engenharia","Inventário de riscos"
/lancamento-aso-esocial,servico,esocial,200,373,238,3,"Lançamento aso esocial - Previsio Engenharia","Lançamento aso esocial"
/lancamento-esocial-2210,servico,esocial,200,358,238,3,"Lançamento esocial 2210 - Previsio Engenharia","Lançamento esocial 2210"
/lancamento-esocial-2220,servico,esocial,200,413,238,3,"Lançamento esocial 2220 - Previsio Engenharia","Lançamento esocial 2220"
/lancamento-esocial-2240,servico,esocial,200,396,238,3,"Lançamento esocial 2240 - Previsio Engenharia","Lançamento esocial 2240"
/lancamento-esocial-ambiente-trabalho,servico,esocial,200,357,238,3,"Lançamento esocial ambiente de trabalho - Previsio Engenharia","Lançamento esocial ambiente de trabalho"
/lancamento-esocial-seguranca,servico,esocial,200,256,238,3,"Lançamento esocial segurança - Previsio Engenharia","Lançamento esocial segurança"
/laudo-adequacao-nr12,servico,nr-12,200,339,238,3,"Laudo de adequação nr12 - Previsio Engenharia","Laudo de adequação nr12"
/laudo-area-classificada,servico,nr-10,200,324,238,3,"Laudo de área classificada - Previsio Engenharia","Laudo de área classificada"
/laudo-conformidade-nr12,servico,nr-12,200,336,238,3,"Laudo conformidade nr12 - Previsio Engenharia","Laudo conformidade nr12"
/laudo-conforto-termico,servico,higiene,200,320,238,3,"Laudo conforto térmico - Previsio Engenharia","Laudo conforto térmico"
/laudo-habitacao-container,servico,quimicos,200,433,238,3,"Laudo de habitação container - Previsio Engenharia","Laudo de habitação container"
/laudo-impacto-ambiental-nbr10151,servico,quimicos,200,319,238,3,"Laudo de impacto ambiental NBR10151 - Previsio Engenharia","Laudo de impacto ambiental NBR10151"
/laudo-insalubridade,servico,insalubridade,200,397,238,3,"Laudo de insalubridade - Previsio Engenharia","Laudo de insalubridade"
/laudo-insalubridade-periculosidade-lip,servico,insalubridade,200,337,238,3,"Laudo de insalubridade periculosidade lip - Previsio Engenharia","Laudo de insalubridade periculosidade lip"
/laudo-nr12,servico,nr-12,200,346,238,3,"Laudo de nr12 - Previsio Engenharia","Laudo de nr12"
/laudo-periculosidade,servico,insalubridade,200,353,238,3,"Laudo de periculosidade - Previsio Engenharia","Laudo de periculosidade"
/laudo-seguranca-produtos-quimicos,servico,quimicos,200,399,238,3,"Laudo de segurança para produtos químicos - Previsio Engenharia","Laudo de segurança para produtos químicos"
/laudo-spda,servico,spda,200,373,238,3,"Laudo spda - Previsio Engenharia","Laudo spda"
/laudo-tecnico-condicoes-ambientais-do-trabalho,servico,insalubridade,200,318,238,3,"Laudo técnico de condições ambientais do trabalho - Previsio Engenharia","Laudo técnico de condições ambientais do trabalho"
/laudo-tecnico-das-condicoes-ambientais-trabalho-ltcat,servico,insalubridade,200,334,238,3,"Laudo técnico das condições ambientais de trabalho ltcat - Previsio Engenharia","Laudo técnico das condições ambientais de trabalho ltcat"
/laudo-tecnico-insalubridade,servico,insalubridade,200,343,238,3,"Laudo técnico insalubridade - Previsio Engenharia","Laudo técnico insalubridade"
/laudo-tecnico-insalubridade-periculosidade-ltip,servico,insalubridade,200,368,238,3,"Laudo técnico de insalubridade e periculosidade ltip - Previsio Engenharia","Laudo técnico de insalubridade e periculosidade ltip"
/laudo-tecnico-pericial-insalubridade-periculosidade,servico,insalubridade,200,407,238,3,"Laudo técnico pericial de insalubridade e periculosidade - Previsio Engenharia","Laudo técnico pericial de insalubridade e periculosidade"
/laudos-estruturais,servico,nr-11,200,393,238,3,"Laudos estruturais - Previsio Engenharia","Laudos estruturais"
/laudos-maquinas-implementos,servico,nr-12,200,311,238,3,"Laudos máquinas e implementos - Previsio Engenharia","Laudos máquinas e implementos"
/laudos-protecao-incendios-ppci,servico,emergencia,200,345,238,3,"Laudos de proteção contra incêndios ppci - Previsio Engenharia","Laudos de proteção contra incêndios ppci"
/linha-vida,servico,nr-35,200,443,238,3,"Linha de vida - Previsio Engenharia","Linha de vida"
/ltip-laudo-tecnico-insalubridade-periculosidade,servico,insalubridade,200,445,238,3,"Ltip laudo técnico de insalubridade e periculosidade - Previsio Engenharia","Ltip laudo técnico de insalubridade e periculosidade"
/manuais-maquinas-nr12,servico,nr-12,200,402,238,3,"Manuais de máquinas nr12 - Previsio Engenharia","Manuais de máquinas nr12"
/manutencao-sistemas-spda,servico,spda,200,317,238,3,"Manutenção de sistemas spda - Previsio Engenharia","Manutenção de sistemas spda"
/mapa-risco,servico,pgr,200,389,238,3,"Mapa de risco - Previsio Engenharia","Mapa de risco"
/mapa-site,institucional,institucional,200,970,235,0,"Mapa do site - Previsio Engenharia","Mapa do site"
/matriz-incompatibilidade-produtos-quimicos,servico,quimicos,200,337,238,3,"Matriz de incompatibilidade de produtos químicos - Previsio Engenharia","Matriz de incompatibilidade de produtos químicos"
/medicao-ambiental,servico,higiene,200,325,238,3,"Medição ambiental - Previsio Engenharia","Medição ambiental"
/medicao-estanqueidade-tanques-diesel,servico,quimicos,200,343,238,3,"Medição de estanqueidade em tanques de diesel - Previsio Engenharia","Medição de estanqueidade em tanques de diesel"
/memorial-calculo-indice-risco-ir-fepam,servico,quimicos,200,394,238,3,"Memorial de cálculo índice de risco ir fepam - Previsio Engenharia","Memorial de cálculo índice de risco ir fepam"
/nr10-laudo,servico,nr-10,200,354,238,3,"Nr10 laudo - Previsio Engenharia","Nr10 laudo"
/ordem-servico-nr01,servico,pgr,200,389,238,3,"Ordem de serviço nr01 - Previsio Engenharia","Ordem de serviço nr01"
/ordem-servico-nr10,servico,nr-10,200,341,238,3,"Ordem de serviço nr10 - Previsio Engenharia","Ordem de serviço nr10"
/perfil-profissiografico-previdenciario,servico,esocial,200,380,238,3,"Perfil profissiográfico previdenciário - Previsio Engenharia","Perfil profissiográfico previdenciário"
/perfil-profissiografico-previdenciario-eletronico,servico,esocial,200,347,238,3,"Perfil profissiográfico previdenciário eletrônico - Previsio Engenharia","Perfil profissiográfico previdenciário eletrônico"
/pericias-insalubridade-periculosidade,servico,insalubridade,200,360,238,3,"Perícias insalubridade e periculosidade - Previsio Engenharia","Perícias insalubridade e periculosidade"
/pgr,servico,pgr,200,315,238,3,"PGR - Previsio Engenharia","PGR"
/pie,servico,emergencia,200,403,238,3,"PIE - Previsio Engenharia","PIE"
/plano-acao-emergencia-pae,servico,emergencia,200,300,238,3,"Plano de ação de emergência PAE - Previsio Engenharia","Plano de ação de emergência PAE"
/plano-acao-emergencia-resgate,servico,emergencia,200,458,238,3,"Plano de ação de emergência e resgate - Previsio Engenharia","Plano de ação de emergência e resgate"
/plano-bloqueio-etiquetagem-energias-perigosas-loto,servico,loto,200,491,238,3,"Plano de bloqueio e etiquetagem de energias perigosas loto - Previsio Engenharia","Plano de bloqueio e etiquetagem de energias perigosas loto"
/plano-emergencia,servico,emergencia,200,374,238,3,"Plano de emergência - Previsio Engenharia","Plano de emergência"
/plano-gerenciamento-riscos,servico,pgr,200,335,238,3,"Plano de gerenciamento de riscos - Previsio Engenharia","Plano de gerenciamento de riscos"
/plano-gerenciamento-riscos-construcao-civil,servico,pgr,200,450,238,3,"Plano de gerenciamento de riscos construção civil - Previsio Engenharia","Plano de gerenciamento de riscos construção civil"
/plano-gerenciamento-riscos-pgr,servico,pgr,200,370,238,3,"Plano de gerenciamento de riscos pgr - Previsio Engenharia","Plano de gerenciamento de riscos pgr"
/plano-manutencao-preventiva,servico,manutencao,200,255,238,3,"Plano de manutenção preventiva - Previsio Engenharia","Plano de manutenção preventiva"
/plano-prevencao-riscos-acidentes-materiais-perfurocortantes,servico,ppramp,200,347,238,3,"Plano de Prevenção de Riscos de Acidentes com Materiais Perfurocortantes - Previsio Engenharia","Plano de Prevenção de Riscos de Acidentes com Materiais Perfurocortantes"
/plano-protecao-respiratoria-ppr,servico,respiratoria,200,333,238,3,"Plano de proteção respiratória - PPR - Previsio Engenharia","Plano de proteção respiratória - PPR"
/plano-sinalizacao-riscos,servico,pgr,200,365,238,3,"Plano de sinalização de riscos - Previsio Engenharia","Plano de sinalização de riscos"
/planos-acao-reducao-riscos,servico,pgr,200,338,238,3,"Planos de ação para redução de riscos - Previsio Engenharia","Planos de ação para redução de riscos"
/ppp,servico,esocial,200,303,238,3,"PPP - Previsio Engenharia","PPP"
/ppr,servico,respiratoria,200,344,238,3,"PPR - Previsio Engenharia","PPR"
/ppramp,servico,ppramp,200,401,238,3,"PPRAMP - Previsio Engenharia","PPRAMP"
/procedimentos-trabalho-altura,servico,nr-35,200,381,238,3,"Procedimentos para trabalho em altura - Previsio Engenharia","Procedimentos para trabalho em altura"
/programa-conservacao-auditiva-pca,servico,higiene,200,381,238,3,"Programa de conservação auditiva pca - Previsio Engenharia","Programa de conservação auditiva pca"
/projeto-area-classificada,servico,nr-10,200,346,238,3,"Projeto de área classificada - Previsio Engenharia","Projeto de área classificada"
/projeto-aterramento,servico,spda,200,311,238,3,"Projeto aterramento - Previsio Engenharia","Projeto aterramento"
/projeto-conforto-termico,servico,higiene,200,416,238,3,"Projeto conforto térmico - Previsio Engenharia","Projeto conforto térmico"
/projeto-instalacao-linhas-vida,servico,nr-35,200,341,238,3,"Projeto e instalação linhas de vida - Previsio Engenharia","Projeto e instalação linhas de vida"
/projeto-linha-vida,servico,nr-35,200,346,238,3,"Projeto linha de vida - Previsio Engenharia","Projeto linha de vida"
/projeto-luminotecnico,servico,nr-10,200,537,238,3,"Projeto luminotécnico - Previsio Engenharia","Projeto luminotécnico"
/projeto-nr12,servico,nr-12,200,294,238,3,"Projeto nr12 - Previsio Engenharia","Projeto nr12"
/projeto-sistema-exaustao,servico,higiene,200,402,238,3,"Projeto sistema de exaustão - Previsio Engenharia","Projeto sistema de exaustão"
/projeto-sistema-ventilacao,servico,higiene,200,383,238,3,"Projeto sistema de ventilação - Previsio Engenharia","Projeto sistema de ventilação"
/projeto-spda,servico,spda,200,313,238,3,"Projeto de spda - Previsio Engenharia","Projeto de spda"
/projetos-multifilares,servico,nr-10,200,347,238,3,"Projetos multifilares - Previsio Engenharia","Projetos multifilares"
/projetos-unifilares,servico,nr-10,200,357,238,3,"Projetos unifilares - Previsio Engenharia","Projetos unifilares"
/prontuario-areas-classificadas,servico,nr-10,200,370,238,3,"Prontuário áreas classificadas - Previsio Engenharia","Prontuário áreas classificadas"
/prontuario-espaco-confinado-nr33,servico,nr-33,200,351,238,3,"Prontuário espaço confinado nr33 - Previsio Engenharia","Prontuário espaço confinado nr33"
/prontuario-instalacao-eletrica,servico,nr-10,200,404,238,3,"Prontuário de instalação elétrica - Previsio Engenharia","Prontuário de instalação elétrica"
/prontuario-instalacao-eletrica-nr10,servico,nr-10,200,344,238,3,"Prontuário de instalação elétrica nr10 - Previsio Engenharia","Prontuário de instalação elétrica nr10"
/quem-somos,institucional,institucional,200,1056,235,45,"Quem Somos - Previsio Engenharia","Quem Somos"
/regularizacao-e-social-seguranca-do-trabalho,servico,esocial,200,443,238,3,"Regularização e-social segurança do trabalho - Previsio Engenharia","Regularização e-social segurança do trabalho"
/relatorio-tecnico-inspecao-das-instalacoes-eletricas-rti,servico,nr-10,200,322,238,3,"Relatório técnico de inspeção das instalações elétricas rti - Previsio Engenharia","Relatório técnico de inspeção das instalações elétricas rti"
/rti,servico,nr-10,200,335,238,3,"RTI - Previsio Engenharia","RTI"
/seguranca-espacos-confinados-nr33,servico,nr-33,200,386,238,3,"Segurança para espaços confinados nr33 - Previsio Engenharia","Segurança para espaços confinados nr33"
/seguranca-pontes-rolantes,servico,nr-11,200,301,238,3,"Segurança pontes rolantes - Previsio Engenharia","Segurança pontes rolantes"
/seguranca-veiculos-autopropelidos,servico,nr-11,200,393,238,3,"Segurança veículos autopropelidos - Previsio Engenharia","Segurança veículos autopropelidos"
/servicos,institucional,institucional,200,31,235,1,"Serviços - Previsio Engenharia","Serviços"
/servicos/adequacao-de-maquinas-nr-12,servico,nr-12,200,51,236,0,"Adequação de Máquinas NR-12 - Previsio Engenharia","Adequação de Máquinas NR-12"
/servicos/analise-ergonomica,pilar,ergonomia,200,47,236,0,"Análise Ergonômica - Previsio Engenharia","Análise Ergonômica"
/servicos/analises-e-apreciacoes-de-risco-nr-12,servico,nr-12,200,64,236,0,"Análises e Apreciações de Risco NR-12 - Previsio Engenharia","Análises e Apreciações de Risco NR-12"
/servicos/documentacao-nr-10,servico,nr-10,200,28,236,0,"Documentação NR-10 - Previsio Engenharia","Documentação NR-10"
/servicos/documentacao-nr-12,servico,nr-12,200,21,236,0,"Documentação NR-12 - Previsio Engenharia","Documentação NR-12"
/servicos/grau-de-risco-nr-12,servico,nr-12,200,55,236,0,"Grau de Risco NR-12 - Previsio Engenharia","Grau de Risco NR-12"
/servicos/lancamentos-no-esocial,pilar,esocial,200,49,236,0,"Lançamentos no eSocial - Previsio Engenharia","Lançamentos no eSocial"
/servicos/laudo-de-tecnico-de-insalubridade-e-periculosidade-ltip,pilar,insalubridade,200,79,236,0,"Laudo de Técnico de Insalubridade e Periculosidade - LTIP - Previsio Engenharia","Laudo de Técnico de Insalubridade e Periculosidade - LTIP"
/servicos/laudo-tecnico-das-condicoes-ambientais-do-trabalho-ltcat,servico,insalubridade,200,58,236,0,"Laudo técnico das Condições Ambientais do Trabalho - LTCAT - Previsio Engenharia","Laudo técnico das Condições Ambientais do Trabalho - LTCAT"
/servicos/laudos-estruturais-nr-11,pilar,nr-11,200,35,236,0,"Laudos Estruturais NR-11 - Previsio Engenharia","Laudos Estruturais NR-11"
/servicos/manutencao,pilar,manutencao,200,0,236,0,"Manutenção - Previsio Engenharia","Manutenção​"
/servicos/manutencao-e-inspecao-em-linhas-de-vida,servico,nr-35,200,35,236,0,"Manutenção e inspeção em linhas de vida - Previsio Engenharia","Manutenção e inspeção em linhas de vida"
/servicos/mapa-de-risco,servico,pgr,200,38,236,0,"Mapa de Risco - Previsio Engenharia","Mapa de Risco"
/servicos/matriz-de-produtos-quimicos,pilar,quimicos,200,46,236,0,"Matriz de Produtos Químicos - Previsio Engenharia","Matriz de Produtos Químicos"
/servicos/medicao-de-estanqueidade-em-mascaras,servico,respiratoria,200,67,236,0,"Medição de Estanqueidade em Máscaras - Previsio Engenharia","Medição de Estanqueidade em Máscaras"
/servicos/medicao-de-tempo-de-parada-em-maquinas-nr12,servico,nr-12,200,54,236,0,"Medição de tempo de parada em máquinas (NR12) - Previsio Engenharia","Medição de tempo de parada em máquinas (NR12)"
/servicos/montagem-e-instalacao-eletrica-nr-10,servico,nr-10,200,35,236,0,"Montagem e Instalação Elétrica NR-10 - Previsio Engenharia","Montagem e Instalação Elétrica NR-10"
/servicos/nr-10,pilar,nr-10,200,41,236,0,"NR-10 - Previsio Engenharia","NR-10​"
/servicos/nr-12,pilar,nr-12,200,25,236,0,"NR-12 - Previsio Engenharia","NR-12"
/servicos/nr-35,pilar,nr-35,200,0,236,0,"NR-35 - Previsio Engenharia","NR-35"
/servicos/ordens-de-servico,servico,pgr,200,63,236,0,"Ordens de Serviço - Previsio Engenharia","Ordens de Serviço"
/servicos/perfil-profissiografico-previdenciario-ppp,servico,esocial,200,66,236,0,"Perfil Profissiográfico Previdenciário - PPP - Previsio Engenharia","Perfil Profissiográfico Previdenciário - PPP"
/servicos/plano-de-prevencao-de-riscos-de-acidentes-com-materiais-perfurocortantes-ppramp,pilar,ppramp,200,56,236,0,"Plano de Prevenção de Riscos de Acidentes com Materiais Perfurocortantes - PPRAMP - Previsio Engenharia","Plano de Prevenção de Riscos de Acidentes com Materiais Perfurocortantes - PPRAMP"
/servicos/plano-de-prevencao-e-protecao-contra-incendios-ppci,servico,emergencia,200,62,236,0,"Plano de Prevenção e Proteção contra Incêndios - PPCI - Previsio Engenharia","Plano de Prevenção e Proteção contra Incêndios - PPCI"
/servicos/plano-de-protecao-respiratorio,pilar,respiratoria,200,57,236,0,"Plano de Proteção Respiratório - Previsio Engenharia","Plano de Proteção Respiratório"
/servicos/planos-de-emergencia,pilar,emergencia,200,49,236,0,"Planos de Emergência - Previsio Engenharia","Planos de Emergência"
/servicos/programa-de-conservacao-auditiva-pca,pilar,higiene,200,51,236,0,"Programa de Conservação Auditiva - PCA - Previsio Engenharia","Programa de Conservação Auditiva - PCA"
/servicos/programa-de-gerenciamento-de-riscos-pgr,pilar,pgr,200,87,236,0,"Programa de Gerenciamento de Riscos - PGR - Previsio Engenharia","Programa de Gerenciamento de Riscos - PGR"
/servicos/projetos-eletricos-nr-10,servico,nr-10,200,28,236,0,"Projetos Elétricos NR-10 - Previsio Engenharia","Projetos Elétricos NR-10"
/servicos/projetos-executivos-e-laudo-de-conformidade-nr-12,servico,nr-12,200,64,236,0,"Projetos Executivos e Laudo de Conformidade NR-12 - Previsio Engenharia","Projetos Executivos e Laudo de Conformidade NR-12"
/servicos/prontuario-nr-33,pilar,nr-33,200,50,236,0,"Prontuário NR-33 - Previsio Engenharia","Prontuário NR-33"
/servicos/prontuario-nr-35,servico,nr-35,200,39,236,0,"Prontuário NR-35 - Previsio Engenharia","Prontuário NR-35"
/servicos/reformas,servico,manutencao,200,0,236,0,"Reformas - Previsio Engenharia","Reformas"
/servicos/relatorio-tecnico-de-inspecao-de-nr-10,servico,nr-10,200,44,236,0,"Relatório Técnico de Inspeção de NR-10 - Previsio Engenharia","Relatório Técnico de Inspeção de NR-10"
/servicos/sistema-de-aterramento-nr-10,servico,spda,200,20,236,0,"Sistema de Aterramento NR-10 - Previsio Engenharia","Sistema de Aterramento NR-10"
/servicos/sistema-de-protecao-contra-descargas-atmosfericas-nr-10,pilar,spda,200,24,236,0,"Sistema de Proteção Contra Descargas Atmosféricas NR-10 - Previsio Engenharia","Sistema de Proteção Contra Descargas Atmosféricas NR-10"
/servicos/sistemas-de-protecao-coletiva-nr-35,servico,nr-35,200,48,236,0,"Sistemas de Proteção Coletiva NR-35 - Previsio Engenharia","Sistemas de Proteção Coletiva NR-35"
/servicos/sistemas-de-protecao-contra-quedas,servico,nr-35,200,27,236,0,"Sistemas de Proteção Contra Quedas - Previsio Engenharia","Sistemas de Proteção Contra Quedas​"
/servicos/sst,pilar,cipa-sesmt,200,84,236,0,"SST - Previsio Engenharia","SST"
/servicos/titulo-prontuario-de-instalacoes-eletricas-nr-10,servico,nr-10,200,52,236,0,"Título Prontuário de Instalações Elétricas NR-10 - Previsio Engenharia","Título Prontuário de Instalações Elétricas NR-10"
/servicos/travamento-de-energias-perigosas-loto,pilar,loto,200,52,236,0,"Travamento de Energias Perigosas (LOTO) - Previsio Engenharia","Travamento de Energias Perigosas (LOTO)"
/servicos/treinamentos-nr-12,servico,nr-12,200,43,236,0,"Treinamentos NR-12 - Previsio Engenharia","Treinamentos NR-12"
/sistema-aterramento,servico,spda,200,321,238,3,"Sistema de aterramento - Previsio Engenharia","Sistema de aterramento"
/spda,servico,spda,200,334,238,3,"Spda - Previsio Engenharia","Spda"
/spda-descarga-atmosferica,servico,spda,200,333,238,3,"Spda descarga atmosférica - Previsio Engenharia","Spda descarga atmosférica"
/spda-raios,servico,spda,200,350,238,3,"Spda para raios - Previsio Engenharia","Spda para raios"
/spda-sistema-protecao-descargas-atmosfericas,servico,spda,200,359,238,3,"Spda sistema de proteção contra descargas atmosféricas - Previsio Engenharia","Spda sistema de proteção contra descargas atmosféricas"
/treinamento-assedio-no-trabalho,servico,treinamentos,200,422,238,3,"Treinamento assédio no trabalho - Previsio Engenharia","Treinamento assédio no trabalho"
/treinamento-bloqueio-energias-perigosas-loto,servico,loto,200,401,238,3,"Treinamento bloqueio de energias perigosas LOTO - Previsio Engenharia","Treinamento bloqueio de energias perigosas LOTO"
/treinamento-calor,servico,higiene,200,307,238,3,"Treinamento calor - Previsio Engenharia","Treinamento calor"
/treinamento-cipa,servico,cipa-sesmt,200,317,238,3,"Treinamento CIPA - Previsio Engenharia","Treinamento CIPA"
/treinamento-conforto-termico,servico,higiene,200,388,238,3,"Treinamento conforto térmico - Previsio Engenharia","Treinamento conforto térmico"
/treinamento-direcao-defensiva,servico,treinamentos,200,453,238,3,"Treinamento direção defensiva - Previsio Engenharia","Treinamento direção defensiva"
/treinamento-empilhadeira,servico,nr-11,200,343,238,3,"Treinamento empilhadeira - Previsio Engenharia","Treinamento empilhadeira"
/treinamento-epis,servico,treinamentos,200,364,238,3,"Treinamento epis - Previsio Engenharia","Treinamento epis"
/treinamento-ergonomia,servico,ergonomia,200,276,238,3,"Treinamento ergonomia - Previsio Engenharia","Treinamento ergonomia"
/treinamento-espaco-confinado-nr33,servico,nr-33,200,316,238,3,"Treinamento espaço confinado nr33 - Previsio Engenharia","Treinamento espaço confinado nr33"
/treinamento-frio,servico,higiene,200,385,238,3,"Treinamento frio - Previsio Engenharia","Treinamento frio"
/treinamento-gestao-nr12,servico,nr-12,200,445,238,3,"Treinamento gestão de nr12 - Previsio Engenharia","Treinamento gestão de nr12"
/treinamento-inflamaveis-nr20,servico,quimicos,200,336,238,3,"Treinamento inflamáveis nr20 - Previsio Engenharia","Treinamento inflamáveis nr20"
/treinamento-movimentacao-cargas,servico,nr-11,200,325,238,3,"Treinamento movimentação de cargas - Previsio Engenharia","Treinamento movimentação de cargas"
/treinamento-nr01,servico,pgr,200,304,238,3,"Treinamento nr01 - Previsio Engenharia","Treinamento nr01"
/treinamento-nr12,servico,nr-12,200,339,238,3,"Treinamento nr12 - Previsio Engenharia","Treinamento nr12"
/treinamento-nr18,servico,treinamentos,200,318,238,3,"Treinamento nr18 - Previsio Engenharia","Treinamento nr18"
/treinamento-ppramp,servico,ppramp,200,348,238,3,"Treinamento PPRAMP - Previsio Engenharia","Treinamento PPRAMP"
/treinamento-produtos-quimicos,servico,quimicos,200,296,238,3,"Treinamento produtos químicos - Previsio Engenharia","Treinamento produtos químicos"
/treinamento-pta,servico,treinamentos,200,451,238,3,"Treinamento pta - Previsio Engenharia","Treinamento pta"
/treinamento-seguranca-eletricidade-nr10,servico,nr-10,200,393,237,3,"Treinamento segurança em eletricidade nr10 - Previsio Engenharia","Treinamento segurança em eletricidade nr10"
/treinamento-talha-ponte-rolante,servico,nr-11,200,354,238,3,"Treinamento talha e ponte rolante - Previsio Engenharia","Treinamento talha e ponte rolante"
/treinamento-trabalho-altura-nr35,servico,nr-35,200,242,238,3,"Treinamento trabalho em altura nr35 - Previsio Engenharia","Treinamento trabalho em altura nr35"
/treinamento-trabalho-quente-nr34,servico,treinamentos,200,399,238,3,"Treinamento trabalho a quente nr34 - Previsio Engenharia","Treinamento trabalho a quente nr34"
/treinamento-veiculos-autopropelidos,servico,nr-11,200,333,238,3,"Treinamento veículos autopropelidos - Previsio Engenharia","Treinamento veículos autopropelidos"
/treinamentos-nr-12-operadores,servico,nr-12,200,425,238,3,"Treinamentos nr 12 para operadores - Previsio Engenharia","Treinamentos nr 12 para operadores"
/treinamentos-seguranca-do-trabalho,pilar,treinamentos,200,376,238,3,"Treinamentos segurança do trabalho - Previsio Engenharia","Treinamentos segurança do trabalho"